id,name,sex,profession,type,,,,
ripke,Paul Ripke,1,1,1,,,,
ek,Eliud Kipchoge,1,4,1,,,,
kg,Kazim Gunyar,1,1,1,,,,
bk,Brooke Dusek,2,2,1,,,,
tesch,Lina Tesch,2,1,1,,,,
em,Eniko Mihalik,2,2,1,,,,
cw,Charleen Weiß,2,2,1,,,,
mp,Marta Piekarz,2,2,1,,,,
wp,Willow Preston,2,2,1,,,,
leb,Lennart Bader,1,1,1,,,,
llb,Lele Berlin,2,99,1,,,,
ml,Mara LaFontan,2,2,1,,,,
m,Masha,2,99,1,,,,
ufo,Ufo361,1,3,1,,,,
mr,Marteria,1,3,1,,,,
cas,Casper,1,3,1,,,,
ah,AHZUMJOT,1,3,1,,,,
am,Amili,2,3,1,,,,
drg,Drangsal,1,3,1,,,,
pb,Pabst Band,99,3,1,,,,
schwarz,Chris Schwarz,1,1,1,,,,
cod,Collectible Dry,99,99,2,,,,
aa,Alisa Ahmann,2,2,1,,,,
gh,Georgie Hobday,2,2,1,,,,
cp,Christiano Palmeri,1,2,1,,,,
ln,Les Nouvelles,99,99,2,,,,
vit,vogue.it,99,99,2,,,,
lr,Lorena Rae,2,2,1,,,,
mw,Marthe Wiggers,2,2,1,,,,s
gl,Galeries Lafayette,99,99,2,,,,
lg,Lena Gercke,2,2,1,,,,
zb,Zoe Barnard,2,2,1,,,,
tb,Timo Baumann,1,2,1,,,,
hb,Heslen Becker,2,2,1,,,,
kt,Katrin Thormann,2,2,1,,,,
xa,Xenia Adonts,2,2,1,,,,
kr,Kim Riekenberg,2,2,1,,,,
mlw,Marie Louise Wedel,2,2,1,,,,
ej,Eglė Jezepčikaitė,2,2,1,,,,
tm,Toni Mahfud,1,2,1,,,,
sg,Stefanie Giesinger,2,2,1,,,,
asm,Anne Sophie Monrad,2,2,1,,,,
lo,L'Officiel,99,99,2,,,,
es,Eva Staudinger,2,2,1,,,,
cc,Crista Cober,2,2,1,,,,
is,Iago Santibanez,1,2,1,,,,
dp,Daria Pleggenkuhle,2,2,1,,,,
sra,Signe Rasmussen,2,2,1,,,,
tf,The Fashionisto,99,99,2,,,,
eb,Enzo Brumm,1,2,1,,,,
ng,Nicole Gregorczuk,2,2,1,,,,
ef,Emilie Frandsen,2,2,1,,,,
jvk,Jane van Kuijck,2,2,1,,,,
sv,Swanny Visser,2,2,1,,,,
bc,Brice Calonne,1,2,1,,,,
ap,Anais Pouliot,2,2,1,,,,
mg,Meri Gulin,2,2,1,,,,
dior,Dior,99,99,2,,,,
sm,Schön Magazine,99,99,2,,,,
ds,Daria Sememchenko,2,2,1,,,,
fb,Felix Brummer,1,3,1,,,,
zf,ZurückZuhause Festival,99,99,2,,,,
hj,Hafenjungs,99,99,2,,,,
va,Viva con Agua,99,99,2,,,,
pk,Patrick Kowalewski,1,3,1,,,,
hm,Henning May,1,3,1,,,,
amk,AnnenMayKantereit,99,99,2,,,,
ud,Urban Drivestyle,99,99,2,,,,
ks,Kid Simius,1,3,1,,,,
ch,Chefket,1,3,1,,,,
spl,Splash Festival,99,99,2,,,,
amg,Mercedes AMG,99,99,2,,,,
pop,POP Visuals,99,99,2,,,,
ag,Antonio Greger,1,3,1,,,,
"an
",Anthony Molina,1,1,1,,,,
tbz,Tim Bendzko,1,3,1,,,,
ob,Odell Beckham Jr.,1,4,1,,,,
cr,Cristiano Ronaldo,1,4,1,,,,
db,Daniel Brühl,1,5,1,,,,
mn,Manuel Neuer,1,4,1,,,,
emb,Elyas M'Barek,1,5,1,,,,
mek,Mehmet Kurtulus,1,5,1,,,,
jkp,Jürgen Klopp,1,4,1,,,,
hpb,H.P. Baxxter,1,3,1,,,,
ses,Sebastian Schilde,1,3,1,,,,
ms,Michael Simon,1,3,1,,,,
ca,Campino,1,3,1,,,,
dn,Dirk Nowitzki,1,4,1,,,,
sys,Sylvester Stallone,1,5,1,,,,
kd,Kevin Durant,1,4,1,,,,
nr,Nico Rosberg,1,4,1,,,,
lp,Lukas Podolski,1,4,1,,,,
ea,Elias Ambühl,1,4,1,,,,
sk,Sami Khedira,1,4,1,,,,
jbr,Jochen Breyer,1,5,1,,,,
jd,Jan Delay,1,3,1,,,,
gu,Gustavo (Fußball),1,4,1,,,,
mgo,Mario Götze,1,4,1,,,,
rs,Robin Schulz,1,3,1,,,,
jp,Jason Paul,1,4,1,,,,
ig,Ilkay Gündogan,1,4,1,,,,
cda,Christoph Daum,1,5,1,,,,
jok,Joko Winterscheidt,1,5,1,,,,
yc,Yasha Conen,1,3,1,,,,
sl,Stephan Luca,1,5,1,,,,
co,Cro,1,3,1,,,,
lml,Lena Mayer-Landrut,2,3,1,,,,
lh,Lewis Hamilton,1,4,1,,,,
bas,Bastian Schweinsteiger,1,4,1,,,,
si,Sido,1,3,1,,,,
bst,Bonnie Strange,2,3,1,,,,
hub,Hugo Boss,99,99,2,,,,
des,Desire,2,2,1,,,,
sp,Swantje Paulina,2,2,1,,,,
rb,Red Bull ,99,99,2,,,,
pr,Pamela Reif,2,5,1,,,,
ney,Neymar,1,4,1,,,,
lm,Lothar Matthäus,1,4,1,,,,
ay,ABOUTYOU,99,99,2,,,,
wap,WEAREPARI,99,99,2,,,,
dhl,DHL,99,99,2,,,,
uni,Universal Pictures,99,99,2,,,,
dfb,DFB,99,99,2,,,,
tr,Teresa Ripke,2,6,1,,,,
amg1,Mercedes AMG F1 Team,99,99,2,,,,
ols,Olli Schulz ,1,5,1,,,,
dazn,DAZN,99,99,2,,,,
josselin,André Josselin,1,1,1,,,,
klg,Keine Liebe Gang,99,99,2,,,,
mc,Malou Chloé,2,3,1,,,,
cd,Caro Daur,2,2,1,,,,
ar,Abril Raluy de Jong,2,99,1,,,,
clr,Clélia Rochat,2,2,1,,,,
dhs,David Hugo Schmitz,1,5,1,,,,
vb,Valentina Belleza,2,2,1,,,,
jm,Jüli Mery,2,2,1,,,,
ja,Jay Alvarrez,1,2,1,,,,
hf,Hanna Fischer,2,2,1,,,,
ism,I saved Mag,99,99,2,,,,
av,Alicia Valentina,2,2,1,,,,
jw,Julia Wulf,2,2,1,,,,
r,REVIEW,99,99,2,,,,
wi,Willy Iffland,1,5,1,,,,
sjt,Shanti Joan Tan,2,5,1,,,,
sb,Sky Brown,2,4,1,,,,
lc,Leica Camera,99,99,2,,,,
ax,Axe,99,99,2,,,,
mag,Magnum,99,99,2,,,,
mo,Moschino,99,99,2,,,,
ls,Loyal Sea,99,99,2,,,,
la,Lina Alice,2,99,1,,,,
chm,C-Heads Magazine,99,99,2,,,,
ems,Emilia Schüle,2,5,1,,,,
cl,Caroline Lossberg,2,2,1,,,,
kk,Karla Kuhlm,2,2,1,,,,
pp,Prinz Pi,1,3,1,,,,
rrc,Roll Royce Cars,99,99,2,,,,
vk,Vivi Koenig,2,2,1,,,,
tc,Theo Carow,1,5,1,,,,
lb,Laura B,2,2,1,,,,
at,Akvile Trautmann,2,2,1,,,,
jk,Josephine Kinsey,2,99,1,,,,
ss,Scarlett Simoneit,2,2,1,,,,
ts,Tom Schaller,1,1,1,,,,
fc,Francisco Cipriano,1,2,1,,,,
cb,Claire Berthier,2,2,1,,,,
mm,Melina Martin,2,2,1,,,,
sr,Stephane Rodriguess,1,1,1,,,,
ac,Alexia Cicard,2,2,1,,,,
mk,Marius Knieling,1,1,1,,,,
jl,Jade Leboeuf,2,5,1,,,,
ju,Janina Uhse,2,5,1,,,,
th,Taylor Hammonds,2,2,1,,,,
mb,Mercedes Benz,99,99,2,,,,
n,Nike,99,99,2,,,,
tohi,Tommy Hilfiger,99,99,2,,,,
myb,Myrthe Bolt,2,2,1,,,,
or,O'shea Robertson,1,2,1,,,,
jb,Jérome Boateng,1,4,1,,,,
fcb,FC Bayern München,99,99,2,,,,
au,Audi,99,99,2,,,,
car,Carmushka,2,5,1,,,,
kv,Katharina Vuc,2,2,1,,,,
bs,Briane Sahara,2,2,1,,,,
rof,Ruby O. Fee,2,5,1,,,,
som,Sony Music,99,99,2,,,,
emg,Eva Marisol Gutowski,2,5,1,,,,
al,Alyssa Lynch,2,99,1,,,,
je,Johnny Edlind,1,1,1,,,,
ak,Alina Katharina,2,99,1,,,,
mvb,Marie von Behrens,2,,1,,,,
cart,Cartier,99,99,2,,,,